name,email,phone,city,country
Micah Padilla,justo@outlook.ca,1-368-421-2621,Pariaman,Colombia
Germane Spears,ultrices.sit@aol.couk,(365) 264-2391,Yogyakarta,Pakistan
Hadassah Lopez,sem.ut@google.couk,1-222-423-7923,Canberra,South Korea
Mikayla Jenkins,enim.nisl.elementum@aol.ca,(598) 539-0516,Stargard Szczeciński,New Zealand
Gemma Morales,neque@hotmail.couk,(452) 427-1376,Nijkerk,Singapore
Judith Gentry,in@hotmail.org,(311) 515-5128,Tarma,Pakistan
Plato Reid,vel@outlook.edu,1-517-851-3226,Goyang,Mexico
Lyle Mckee,dui@hotmail.org,1-757-319-0834,Sogamoso,Italy
Amity Spears,nisl.elementum.purus@hotmail.com,1-256-702-0585,Cartagena,Philippines
Levi Bauer,aliquam.rutrum.lorem@yahoo.edu,1-644-139-8779,Palma de Mallorca,United States
Giselle Pugh,tristique@aol.net,(805) 942-6345,Steinkjer,United States
Lamar Schwartz,vel@icloud.couk,1-362-346-2395,Almelo,China
Gail Beasley,donec.fringilla@icloud.com,(611) 915-8665,Ibagué,Italy
Reuben Sandoval,dui@icloud.net,1-862-770-1651,Neudörfl,Chile
Chandler Hines,donec.feugiat@google.ca,(168) 995-1046,Vidisha,Austria
Erasmus Bruce,dapibus.quam@yahoo.com,(836) 654-0513,Penza,China
Drake Nixon,interdum.enim@protonmail.net,(403) 845-4226,Manisa,Austria
Fitzgerald Schneider,nulla@google.couk,(567) 436-7881,Bacoor,Poland
Regina Rodriguez,fusce.fermentum@outlook.edu,(103) 345-5133,Albacete,United States
Savannah Dejesus,neque@outlook.com,1-377-303-2239,Göksun,South Africa
Reed Rios,duis.elementum@outlook.couk,1-687-349-6871,Ipswich,Turkey
Whoopi Chambers,amet@aol.com,1-257-967-0414,West Valley City,United States
Rosalyn Hyde,feugiat@yahoo.edu,1-957-379-4545,Develi,South Korea
Kennan Henson,lobortis.tellus@aol.org,(252) 529-3754,Palma de Mallorca,Indonesia
Patrick Ayala,risus@icloud.couk,1-858-687-3252,Houthalen,Ireland
Ross Rice,dictum.eu@outlook.edu,1-645-152-3156,Flint,South Africa
Maia Oliver,tempor@protonmail.net,(482) 389-7478,Cisterna di Latina,Poland
Garrison Howell,et.magnis.dis@icloud.edu,1-665-909-1533,Neuruppin,Ukraine
Emi Estes,scelerisque@hotmail.couk,(575) 866-0081,Dandenong,Pakistan
Wyatt Savage,laoreet@protonmail.com,1-858-594-0891,Henan,India
Yardley Glass,lacus.varius@google.net,1-332-444-4789,Zoetermeer,Netherlands
Jordan Craft,eu.nibh.vulputate@protonmail.net,1-767-456-4218,Wattrelos,Colombia
Kitra Foster,nulla@protonmail.ca,(875) 122-2423,Bahawalnagar,Chile
Raja Booth,dapibus@aol.edu,1-878-423-8817,Kurgan,Costa Rica
Keely Shelton,mus.donec@icloud.couk,1-724-554-2489,Dublin,Mexico
Otto Newman,dictum.ultricies@aol.org,(743) 768-2731,Shostka,Peru
Hanna Kelly,a@icloud.ca,1-938-242-3864,Dumfries,Indonesia
Herman Gates,vulputate.velit@google.org,(946) 987-8792,Wilmont,Sweden
Merritt Rojas,aliquam.erat.volutpat@aol.org,(413) 373-2741,Magangué,Belgium
Kyla Hudson,mi@icloud.net,1-946-498-4583,Dublin,Brazil
Brady Glenn,aliquam@hotmail.edu,(313) 868-8222,Khyber Agency,Philippines
James Nicholson,aliquam.nisl@aol.net,(911) 643-4148,Zierikzee,India
Yasir Lawson,leo@hotmail.net,(905) 448-8140,Leut,Brazil
Xandra Valenzuela,phasellus@outlook.ca,1-523-545-4330,Chulucanas,Belgium
Marcia Le,convallis.ante.lectus@outlook.edu,1-876-531-3685,Varanasi,Mexico
Gail Dillon,nunc@google.com,(876) 783-5915,Rivne,France
Uriel Lamb,velit.egestas@aol.net,1-582-250-2233,Wadgassen,Nigeria
Rana Robles,leo.vivamus.nibh@outlook.edu,1-820-317-8624,Cork,Italy
Illiana Sherman,accumsan.neque.et@google.ca,(564) 762-0821,Bryne,Italy
Deacon Page,adipiscing.mauris.molestie@icloud.edu,(606) 702-8222,Dangjin,France
Kevyn Hebert,magna@outlook.couk,(234) 955-6417,Lviv,China
Daria Koch,tortor@protonmail.couk,(414) 747-8514,Cork,Poland
Thaddeus Gay,velit.egestas@aol.ca,(486) 384-6332,Beveren,Norway
Quintessa Duncan,mauris.ut@google.couk,(932) 422-8411,Dublin,Brazil
Holmes Cleveland,erat.volutpat.nulla@icloud.ca,1-276-284-1287,Akhisar,Brazil
Merrill Pierce,vitae.aliquam@google.org,1-905-229-1257,Meppel,Austria
Forrest Humphrey,porttitor.eros.nec@hotmail.com,(566) 915-8645,Fort Collins,Pakistan
Robin Weber,dui.fusce@aol.org,1-689-763-0184,Odendaalsrus,Ireland
Arsenio Diaz,aliquam.fringilla@google.edu,(797) 378-0546,Kano,South Korea
Teegan Dillon,eros.turpis@hotmail.com,1-812-274-3842,Huntsville,Ukraine
Brenda Hinton,pede@outlook.ca,1-269-678-0413,Sortland,Russian Federation
Charles Solis,amet.consectetuer.adipiscing@yahoo.edu,1-927-270-8751,Archennes,New Zealand
Victoria Noble,in.magna.phasellus@hotmail.com,(623) 503-3597,Shaftesbury,Italy
Nissim Mooney,in.tincidunt.congue@aol.couk,1-988-812-7905,Yên Bái,Norway
Vaughan William,pretium.aliquet.metus@protonmail.edu,1-511-943-3222,Changi,Belgium
Simon Madden,ante.ipsum.primis@yahoo.net,1-494-407-4327,Motala,Belgium
Avye Greene,arcu.aliquam.ultrices@hotmail.edu,(463) 960-7258,Illkirch-Graffenstaden,Vietnam
Bradley Preston,elit.a@outlook.com,1-437-954-2989,Torghar,Italy
Mira Ellis,est.nunc@icloud.org,1-267-818-2761,Winnipeg,United Kingdom
Clio Jones,et.malesuada.fames@outlook.com,(525) 371-3004,María Elena,Singapore
Ayanna Baker,convallis.ante.lectus@protonmail.com,(123) 585-5015,Dasmariñas,Canada
Erin Ramos,leo.elementum@icloud.edu,(814) 862-3388,Belfast,South Africa
Gavin Cantrell,sagittis.nullam@yahoo.ca,1-150-620-1161,Bollnäs,United Kingdom
Aidan Kerr,facilisis.non@outlook.net,1-615-277-3869,Lambayeque,Sweden
Kareem Wolf,ante.maecenas@icloud.net,(226) 280-1326,Butuan,France
Simon Ochoa,ad.litora@yahoo.org,1-383-307-7237,Ulloa (Barrial],Poland
Candice Vang,condimentum@protonmail.org,(725) 552-5858,Singapore River,Belgium
Bradley Navarro,sollicitudin.commodo@icloud.edu,1-630-167-7883,Elx,Mexico
May Hurst,metus.urna@protonmail.edu,1-754-638-9728,Itabuna,Sweden
Yasir Ayers,enim.mauris.quis@protonmail.couk,(894) 124-2740,Dublin,Singapore
Melodie Wilcox,quis@hotmail.com,1-881-855-8206,Arras,Pakistan
Hanna Fitzgerald,non.bibendum@icloud.couk,1-736-551-5231,Kherson,Ukraine
Allegra Acosta,sem.molestie@hotmail.couk,(517) 131-3371,Avesta,Peru
Acton Fowler,mauris@protonmail.net,1-767-568-1898,Kropyvnytskyi,United States
William Stuart,massa.non@yahoo.edu,1-718-611-2571,Tejar,Australia
Tanya Casey,at.fringilla@yahoo.edu,1-445-788-1435,Umlazi,Nigeria
Ori Guy,leo.in@protonmail.net,(139) 395-1414,Emmen,South Korea
Shad Summers,praesent.interdum@aol.ca,1-255-747-6363,Cañas,Colombia
Meghan Wilkerson,auctor@protonmail.edu,1-553-784-3571,Yekaterinburg,Russian Federation
Carly Tyler,amet.massa@aol.ca,1-438-713-1510,General Lagos,Brazil
Rebekah Graves,nulla.eu.neque@google.couk,1-833-648-6726,Salem,Norway
Anne Perkins,sagittis@google.org,1-657-566-7256,South Dum Dum,Nigeria
Christine Briggs,risus@protonmail.com,(426) 383-4441,Silvassa,Belgium
Ainsley Curtis,quisque.ac.libero@yahoo.org,(874) 961-1220,Yishun,Netherlands
Zephania Christian,egestas.ligula.nullam@outlook.ca,1-174-432-6252,Täby,Spain
Magee Todd,ac.facilisis@icloud.ca,1-748-274-5529,Belford Roxo,Peru
Gannon Lindsay,dolor.fusce@icloud.com,1-742-626-8102,Panjim,South Africa
Tanner Lamb,elit.pretium@aol.org,(917) 425-8369,Bekasi,Nigeria
Rashad Pruitt,est.ac@aol.ca,1-538-854-2157,Port Hope,Indonesia
Ethan Rowland,massa.vestibulum.accumsan@outlook.ca,1-915-872-1466,Shimla,Pakistan